onnx/quadrotor2d_state.onnx,vnnlib/quadrotor2d_state_0.vnnlib,100
onnx/quadrotor2d_state.onnx,vnnlib/quadrotor2d_state_1.vnnlib,100
onnx/quadrotor2d_state.onnx,vnnlib/quadrotor2d_state_2.vnnlib,100
onnx/quadrotor2d_state.onnx,vnnlib/quadrotor2d_state_3.vnnlib,100
onnx/quadrotor2d_state.onnx,vnnlib/quadrotor2d_state_4.vnnlib,100
onnx/quadrotor2d_state.onnx,vnnlib/quadrotor2d_state_5.vnnlib,100
onnx/quadrotor2d_state.onnx,vnnlib/quadrotor2d_state_6.vnnlib,100
onnx/quadrotor2d_state.onnx,vnnlib/quadrotor2d_state_7.vnnlib,100
onnx/quadrotor2d_state.onnx,vnnlib/quadrotor2d_state_8.vnnlib,100
onnx/quadrotor2d_state.onnx,vnnlib/quadrotor2d_state_9.vnnlib,100
onnx/quadrotor2d_state.onnx,vnnlib/quadrotor2d_state_10.vnnlib,100
onnx/quadrotor2d_state.onnx,vnnlib/quadrotor2d_state_11.vnnlib,100
onnx/quadrotor2d_state.onnx,vnnlib/quadrotor2d_state_12.vnnlib,100
onnx/quadrotor2d_state.onnx,vnnlib/quadrotor2d_state_13.vnnlib,100
onnx/quadrotor2d_state.onnx,vnnlib/quadrotor2d_state_14.vnnlib,100
onnx/quadrotor2d_state.onnx,vnnlib/quadrotor2d_state_15.vnnlib,100
onnx/quadrotor2d_state.onnx,vnnlib/quadrotor2d_state_16.vnnlib,100
onnx/quadrotor2d_state.onnx,vnnlib/quadrotor2d_state_17.vnnlib,100
onnx/quadrotor2d_state.onnx,vnnlib/quadrotor2d_state_18.vnnlib,100
onnx/quadrotor2d_state.onnx,vnnlib/quadrotor2d_state_19.vnnlib,100
onnx/quadrotor2d_output.onnx,vnnlib/quadrotor2d_output_0.vnnlib,200
onnx/quadrotor2d_output.onnx,vnnlib/quadrotor2d_output_1.vnnlib,200
onnx/quadrotor2d_output.onnx,vnnlib/quadrotor2d_output_2.vnnlib,200
onnx/quadrotor2d_output.onnx,vnnlib/quadrotor2d_output_3.vnnlib,200
onnx/quadrotor2d_output.onnx,vnnlib/quadrotor2d_output_4.vnnlib,200
onnx/quadrotor2d_output.onnx,vnnlib/quadrotor2d_output_5.vnnlib,200
onnx/quadrotor2d_output.onnx,vnnlib/quadrotor2d_output_6.vnnlib,200
onnx/quadrotor2d_output.onnx,vnnlib/quadrotor2d_output_7.vnnlib,200
onnx/quadrotor2d_output.onnx,vnnlib/quadrotor2d_output_8.vnnlib,200
onnx/quadrotor2d_output.onnx,vnnlib/quadrotor2d_output_9.vnnlib,200
onnx/quadrotor2d_output.onnx,vnnlib/quadrotor2d_output_10.vnnlib,200
onnx/quadrotor2d_output.onnx,vnnlib/quadrotor2d_output_11.vnnlib,200
onnx/quadrotor2d_output.onnx,vnnlib/quadrotor2d_output_12.vnnlib,200
onnx/quadrotor2d_output.onnx,vnnlib/quadrotor2d_output_13.vnnlib,200
onnx/quadrotor2d_output.onnx,vnnlib/quadrotor2d_output_14.vnnlib,200
onnx/quadrotor2d_output.onnx,vnnlib/quadrotor2d_output_15.vnnlib,200
onnx/quadrotor2d_output.onnx,vnnlib/quadrotor2d_output_16.vnnlib,200
onnx/quadrotor2d_output.onnx,vnnlib/quadrotor2d_output_17.vnnlib,200
onnx/quadrotor2d_output.onnx,vnnlib/quadrotor2d_output_18.vnnlib,200
onnx/quadrotor2d_output.onnx,vnnlib/quadrotor2d_output_19.vnnlib,200
